,From Bus,To Bus,From-To P injection (MW),From-To Q injection (MVAR),To-From P injection (MW),To-From Q injection (MVAR),P flow through branch and elements (MW),Q flow through branch and elements (MVAR)
0,0.0,3.0,73.51461162477896,25.97446067804796,-73.51461162477896,-22.47291593765002,0.0,3.501544740397943
1,3.0,4.0,31.380990476122538,-0.009306543932792975,-31.198485703962447,-14.173750269315185,0.1825047721600903,-14.183056813247978
2,4.0,5.0,-60.601514296036385,-16.426249730684756,62.11209380315014,-11.960281372901845,1.5105795071137536,-28.3865311035866
3,2.0,5.0,86.69999999999996,-2.439143168385284,-86.69999999999996,6.847527068151267,0.0,4.408383899765983
4,5.0,6.0,24.587906196849698,5.112754304750486,-24.487476739798474,-24.894666773942735,0.10042945705122364,-19.78191246919225
5,6.0,7.0,-77.51252326020021,-10.805333226057382,78.04070207171394,0.6806815340208883,0.528178811513726,-10.124651692036494
6,7.0,1.0,-166.25999999999962,1.1834253378364121,166.25999999999962,16.258274084798785,0.0,17.441699422635196
7,7.0,8.0,88.2192979282816,-1.8641068718547413,-85.64809182849594,-14.323782224316256,2.5712060997856696,-16.187889096171
8,8.0,3.0,-41.8519081714953,-36.676217775679135,42.133621148651095,22.48222248158514,0.2817129771557916,-14.193995294093995
