,From Bus,To Bus,From-To P injection (MW),From-To Q injection (MVAR),To-From P injection (MW),To-From Q injection (MVAR),P flow through branch and elements (MW),Q flow through branch and elements (MVAR)
0,0.0,3.0,69.48320702815295,26.477961338289546,-69.48320702815295,-23.293258204853256,0.0,3.1847031334362903
1,3.0,4.0,29.54811627744391,0.3516986796820727,-29.384038246334647,-14.621442222627248,0.16407803110926267,-14.269743542945175
2,4.0,5.0,-62.4159617442555,-15.978557776593549,64.02011564973445,-11.980434879755165,1.6041539054789524,-27.958992656348713
3,2.0,5.0,88.1503372886405,-2.185687530574286,-88.15033728864049,6.741989418306566,1.4210854715202004e-14,4.55630188773228
4,5.0,6.0,24.130221622200185,5.238445464406163,-24.031952248210413,-25.03259961203785,0.09826937398977265,-19.794154147631687
5,6.0,7.0,-77.96804774935586,-10.667400417675422,78.50255963817348,0.6024748132883083,0.5345118888176188,-10.064925604387113
6,7.0,1.0,-169.04123501743675,1.1239156464019129,169.04123501743675,16.9142282623041,0.0,18.03814390870601
7,7.0,8.0,90.53867537943809,-1.726390449306059,-87.83118140544502,-13.750516084710373,2.707493973993067,-15.476906534016432
8,8.0,3.0,-39.66881858456981,-37.24948391465149,39.93509075187493,22.94155952413558,0.26627216730511805,-14.307924390515911
