,From Bus,To Bus,From-To P injection (MW),From-To Q injection (MVAR),To-From P injection (MW),To-From Q injection (MVAR),P flow through branch and elements (MW),Q flow through branch and elements (MVAR)
0,0.0,3.0,73.51461161733567,25.974460674279946,-73.51461161733567,-22.472915934625114,0.0,3.5015447396548325
1,3.0,4.0,31.380990474531195,-0.00930654418080188,-31.198485702389924,-14.17375026923737,0.1825047721412716,-14.183056813418172
2,4.0,5.0,-60.60151429301214,-16.426249731143294,62.11209379996738,-11.960281373262966,1.5105795069552457,-28.38653110440626
3,2.0,5.0,86.69999999759915,-2.439143170576913,-86.69999999759916,6.847527070105208,-1.4210854715202004e-14,4.408383899528295
4,5.0,6.0,24.587906196030122,5.112754303058504,-24.48747673899007,-24.894666772432487,0.1004294570400539,-19.78191246937398
5,6.0,7.0,-77.5125232643593,-10.80533322720505,78.04070207592706,0.6806815355190489,0.5281788115677557,-10.124651691686001
6,7.0,1.0,-166.25999998699433,1.1834253432162447,166.25999998699433,16.258274076548457,0.0,17.441699419764703
7,7.0,8.0,88.21929792585111,-1.864106871279734,-85.64809182622004,-14.323782225898857,2.5712060996310697,-16.18788909717859
8,8.0,3.0,-41.85190816651918,-36.67621777502311,42.13362114362287,22.48222248039455,0.2817129771036875,-14.19399529462856
