,Complex Voltages,Voltages Magnitude,Voltages Phase Angle
0,(1-3.464471450525906e-17j),1.0,-1.984995923587008e-15
1,(0.9833969464828731+0.18146747821072898j),1.0,10.455247935353686
2,(0.9956465105773855+0.09320958091889972j),1.0000000000000002,5.348279077198875
3,(0.984748694269145-0.040022327248215965j),0.9855616558811272,-2.327344148485449
4,(0.9711070690609019-0.06568776877788256j),0.9733261645240366,-3.869714913111444
5,(1.0017365906788889+0.041897751575478516j),1.002612397036883,2.3950068556855766
6,(0.9839968936620753+0.01874487262512934j),0.9841754198243045,1.0913369833755415
7,(0.9921732503622337+0.07565246777667771j),0.9950532923492394,4.360323136680785
8,(0.9522955204988439-0.06997621076512288j),0.9548630417160405,-4.202633043883391
