,Complex Voltages,Voltages Magnitude,Voltages Phase Angle
0,(1+0j),1.0,0.0
1,(0.9833969464814254+0.18146747821857373j),1.0,10.455247935810748
2,(0.9956465105770428+0.09320958092255605j),1.0,5.348279077409285
3,(0.9847486942687957-0.04002232725189377j),0.9855616558809275,-2.3273441486999076
4,(0.9711070690596809-0.06568776878306343j),0.973326164523168,-3.869714913420576
5,(1.0017365906830904+0.041897751583106636j),1.0026123970413996,2.395006856111083
6,(0.9839968936787938+0.018744872629124488j),0.984175419841096,1.091336983589547
7,(0.9921732503652216+0.07565246778087892j),0.9950532923525381,4.360323136908913
8,(0.9522955204973268-0.06997621077154595j),0.9548630417149981,-4.202633044274437
