,Complex Voltages,Voltages Magnitude,Voltages Phase Angle
0,(1+0j),1.0,0.0
1,(0.983396946482873+0.1814674782107291j),1.0,10.455247935353695
2,(0.9956465105773853+0.09320958091889982j),1.0000000000000002,5.348279077198882
3,(0.9847486942691452-0.04002232724821593j),0.9855616558811274,-2.3273441484854467
4,(0.9711070690609022-0.06568776877788272j),0.9733261645240369,-3.8697149131114523
5,(1.001736590678889+0.04189775157547867j),1.0026123970368832,2.395006855685585
6,(0.9839968936620758+0.018744872625129493j),0.9841754198243049,1.0913369833755497
7,(0.9921732503622338+0.07565246777667782j),0.9950532923492396,4.36032313668079
8,(0.9522955204988439-0.06997621076512274j),0.9548630417160405,-4.202633043883383
