,From Bus,To Bus,From-To P injection (MW),From-To Q injection (MVAR),To-From P injection (MW),To-From Q injection (MVAR),P flow through branch and elements (MW),Q flow through branch and elements (MVAR)
0,0.0,3.0,69.4832070345378,26.47796133889635,-69.48320703453781,-23.293258204930474,-1.4210854715202004e-14,3.1847031339658756
1,3.0,4.0,29.548116279215435,0.3516986801173771,-29.384038248086547,-14.621442222939972,0.16407803112888786,-14.269743542822596
2,4.0,5.0,-62.41596175191189,-15.978557777059413,64.02011565778679,-11.980434877695382,1.6041539058749024,-27.958992654754795
3,2.0,5.0,88.1503372826229,-2.1856875386027332,-88.1503372826229,6.741989425733891,0.0,4.556301887131157
4,5.0,6.0,24.130221624835304,5.2384454519617245,-24.03195225087739,-25.03259960030339,0.09826937395791546,-19.794154148341665
5,6.0,7.0,-77.96804774911944,-10.667400399695975,78.50255963790454,0.6024747947382121,0.5345118887851044,-10.064925604957763
6,7.0,1.0,-169.0412350243226,1.123915652332741,169.0412350243226,16.914228257731576,0.0,18.038143910064317
7,7.0,8.0,90.53867538640596,-1.7263904470617737,-87.8311814120027,-13.750516084960967,2.707493974403249,-15.476906532022742
8,8.0,3.0,-39.668818587980276,-37.249483915030694,39.935090755318164,22.94155952481432,0.2662721673378883,-14.307924390216375
