,Complex Voltages,Voltages Magnitude,Voltages Phase Angle
0,(1+3.334375226494011e-17j),1.0,1.9104562779108476e-15
1,(0.983396946482873+0.18146747821072892j),1.0,10.455247935353684
2,(0.9956465105773851+0.0932095809188997j),0.9999999999999999,5.348279077198876
3,(0.9847486942691452-0.04002232724821605j),0.9855616558811274,-2.3273441484854533
4,(0.9711070690609019-0.06568776877788261j),0.9733261645240366,-3.869714913111447
5,(1.0017365906788889+0.04189775157547859j),1.002612397036883,2.395006855685581
6,(0.9839968936620761+0.018744872625129482j),0.9841754198243052,1.0913369833755489
7,(0.9921732503622339+0.07565246777667775j),0.9950532923492397,4.360323136680787
8,(0.952295520498844-0.06997621076512285j),0.9548630417160406,-4.202633043883388
