,Complex Voltages,Voltages Magnitude,Voltages Phase Angle
0,(1+0j),1.0,0.0
1,(0.9833969464814254+0.1814674782185738j),1.0,10.455247935810753
2,(0.9956465105770428+0.0932095809225561j),1.0,5.348279077409288
3,(0.9847486942687961-0.04002232725189378j),0.9855616558809278,-2.327344148699907
4,(0.9711070690596812-0.06568776878306341j),0.9733261645231683,-3.8697149134205735
5,(1.0017365906830904+0.04189775158310667j),1.0026123970413996,2.3950068561110847
6,(0.9839968936787937+0.01874487262912448j),0.9841754198410959,1.0913369835895468
7,(0.9921732503652215+0.07565246778087895j),0.995053292352538,4.360323136908914
8,(0.9522955204973269-0.06997621077154594j),0.9548630417149983,-4.202633044274435
