,From Bus,To Bus,From-To P injection (MW),From-To Q injection (MVAR),To-From P injection (MW),To-From Q injection (MVAR),P flow through branch and elements (MW),Q flow through branch and elements (MVAR)
0,0.0,3.0,69.483207028153,26.47796133828919,-69.483207028153,-23.293258204852908,0.0,3.184703133436283
1,3.0,4.0,29.548116277443974,0.3516986796820703,-29.384038246334715,-14.621442222627243,0.16407803110925911,-14.269743542945173
2,4.0,5.0,-62.415961744255675,-15.978557776593707,64.02011564973465,-11.980434879755068,1.6041539054789737,-27.958992656348777
3,2.0,5.0,88.15033728864027,-2.1856875305757333,-88.15033728864027,6.741989418307995,0.0,4.556301887732261
4,5.0,6.0,24.130221622200484,5.238445464406715,-24.031952248210725,-25.03259961203855,0.09826937398975844,-19.794154147631833
5,6.0,7.0,-77.96804774935586,-10.667400417675763,78.5025596381735,0.6024748132886594,0.534511888817633,-10.064925604387104
6,7.0,1.0,-169.04123501743686,1.1239156464017352,169.0412350174369,16.914228262304306,2.842170943040401e-14,18.03814390870604
7,7.0,8.0,90.53867537943803,-1.7263904493058897,-87.83118140544497,-13.750516084710462,2.707493973993067,-15.47690653401635
8,8.0,3.0,-39.668818584569806,-37.24948391465182,39.935090751874895,22.94155952413576,0.2662721673050896,-14.30792439051606
