,From Bus,To Bus,From-To P injection (MW),From-To Q injection (MVAR),To-From P injection (MW),To-From Q injection (MVAR),P flow through branch and elements (MW),Q flow through branch and elements (MVAR)
0,0.0,3.0,69.48320702815266,26.4779613382899,-69.48320702815266,-23.293258204853622,0.0,3.1847031334362796
1,3.0,4.0,29.548116277443924,0.351698679681724,-29.384038246334686,-14.62144222262673,0.1640780311092378,-14.269743542945006
2,4.0,5.0,-62.415961744255455,-15.978557776593469,64.02011564973444,-11.980434879755258,1.6041539054789808,-27.958992656348727
3,2.0,5.0,88.15033728864043,-2.185687530573947,-88.15033728864042,6.741989418306216,1.4210854715202004e-14,4.5563018877322685
4,5.0,6.0,24.130221622200352,5.238445464406348,-24.0319522482106,-25.032599612038016,0.09826937398975133,-19.79415414763167
5,6.0,7.0,-77.968047749356,-10.667400417675935,78.50255963817362,0.602474813288846,0.5345118888176188,-10.064925604387088
6,7.0,1.0,-169.04123501743678,1.1239156464015658,169.04123501743675,16.914228262304444,-2.842170943040401e-14,18.03814390870601
7,7.0,8.0,90.53867537943812,-1.7263904493059727,-87.83118140544505,-13.750516084710451,2.707493973993067,-15.476906534016424
8,8.0,3.0,-39.66881858457001,-37.24948391465131,39.935090751875094,22.941559524135226,0.2662721673050825,-14.307924390516082
