,From Bus,To Bus,From-To P injection (MW),From-To Q injection (MVAR),To-From P injection (MW),To-From Q injection (MVAR),P flow through branch and elements (MW),Q flow through branch and elements (MVAR)
0,0.0,3.0,69.48320703453781,26.47796133889564,-69.48320703453781,-23.293258204929785,0.0,3.1847031339658542
1,3.0,4.0,29.548116279215424,0.3516986801173783,-29.384038248086558,-14.621442222939981,0.16407803112886654,-14.269743542822603
2,4.0,5.0,-62.41596175191189,-15.978557777059246,64.02011565778679,-11.980434877695558,1.6041539058749024,-27.958992654754802
3,2.0,5.0,88.15033728262296,-2.1856875386027235,-88.15033728262296,6.741989425733886,0.0,4.556301887131163
4,5.0,6.0,24.13022162483535,5.238445451961728,-24.031952250877428,-25.032599600303563,0.09826937395792257,-19.794154148341836
5,6.0,7.0,-77.96804774911944,-10.667400399695973,78.5025596379046,0.6024747947382197,0.5345118887851612,-10.064925604957754
6,7.0,1.0,-169.04123502432262,1.1239156523325522,169.04123502432265,16.91422825773178,2.842170943040401e-14,18.03814391006433
7,7.0,8.0,90.53867538640591,-1.7263904470619484,-87.8311814120027,-13.7505160849608,2.7074939744032065,-15.476906532022749
8,8.0,3.0,-39.66881858798029,-37.249483915030865,39.93509075531819,22.94155952481468,0.2662721673379025,-14.307924390216186
