,Complex Voltages,Voltages Magnitude,Voltages Phase Angle
0,(1+0j),1.0,0.0
1,(0.9851930703234485+0.171448575924843j),1.0,9.872053003667599
2,(0.9963948324181114+0.08483712589711835j),1.0,4.866659040559004
3,(0.9850387106494444-0.04234441629587264j),0.9859484322566561,-2.461490611430781
4,(0.9712815197393254-0.06973829450598328j),0.9737819161946564,-4.106805996772413
5,(1.0021292692978907+0.034335351681406945j),1.002717302512832,1.9623231658789257
6,(0.984303151269537+0.010847423475151453j),0.984362920977416,0.6313973738770644
7,(0.9929977586168868+0.06733253979308637j),0.9952779609401328,3.879136644828867
8,(0.9526119542561171-0.07415719717831062j),0.95549402158517,-4.451280154193344
