,Complex Voltages,Voltages Magnitude,Voltages Phase Angle
0,(1+2.6848612623572005e-17j),1.0,1.5383121891123403e-15
1,(0.9833969464828729+0.181467478210729j),0.9999999999999999,10.45524793535369
2,(0.9956465105773853+0.09320958091889979j),1.0,5.34827907719888
3,(0.9847486942691452-0.040022327248216076j),0.9855616558811274,-2.327344148485455
4,(0.9711070690609017-0.06568776877788254j),0.9733261645240364,-3.869714913111444
5,(1.0017365906788889+0.04189775157547855j),1.002612397036883,2.395006855685579
6,(0.9839968936620758+0.01874487262512949j),0.9841754198243049,1.0913369833755495
7,(0.9921732503622337+0.07565246777667776j),0.9950532923492394,4.360323136680788
8,(0.9522955204988439-0.06997621076512278j),0.9548630417160405,-4.2026330438833845
