,From Bus,To Bus,From-To P injection (MW),From-To Q injection (MVAR),To-From P injection (MW),To-From Q injection (MVAR),P flow through branch and elements (MW),Q flow through branch and elements (MVAR)
0,0.0,3.0,69.48320702815282,26.477961338288836,-69.48320702815282,-23.293258204852574,0.0,3.184703133436262
1,3.0,4.0,29.548116277444038,0.35169867968242036,-29.384038246334775,-14.62144222262759,0.16407803110926267,-14.26974354294517
2,4.0,5.0,-62.41596174425547,-15.978557776593549,64.02011564973441,-11.980434879755169,1.6041539054789382,-27.95899265634872
3,2.0,5.0,88.15033728864049,-2.1856875305742913,-88.15033728864049,6.741989418306571,0.0,4.55630188773228
4,5.0,6.0,24.13022162220022,5.238445464406341,-24.031952248210448,-25.032599612038016,0.09826937398977265,-19.794154147631673
5,6.0,7.0,-77.968047749356,-10.667400417676294,78.50255963817365,0.6024748132890279,0.5345118888176472,-10.064925604387266
6,7.0,1.0,-169.04123501743683,1.1239156464017297,169.04123501743683,16.91422826230429,0.0,18.038143908706022
7,7.0,8.0,90.53867537943809,-1.7263904493060616,-87.83118140544501,-13.750516084710302,2.7074939739930812,-15.476906534016363
8,8.0,3.0,-39.66881858456986,-37.24948391465166,39.93509075187497,22.94155952413559,0.26627216730510384,-14.307924390516071
