,From Bus,To Bus,From-To P injection (MW),From-To Q injection (MVAR),To-From P injection (MW),To-From Q injection (MVAR),P flow through branch and elements (MW),Q flow through branch and elements (MVAR)
0,0.0,3.0,69.48320702815278,26.477961338289546,-69.48320702815278,-23.293258204853267,0.0,3.1847031334362796
1,3.0,4.0,29.548116277443974,0.3516986796820722,-29.384038246334715,-14.621442222627245,0.16407803110925911,-14.269743542945173
2,4.0,5.0,-62.415961744255554,-15.978557776593721,64.02011564973452,-11.980434879755078,1.6041539054789666,-27.958992656348798
3,2.0,5.0,88.15033728864036,-2.1856875305753727,-88.15033728864034,6.741989418307642,1.4210854715202004e-14,4.556301887732269
4,5.0,6.0,24.130221622200377,5.23844546440653,-24.031952248210594,-25.03259961203837,0.0982693739897833,-19.794154147631843
5,6.0,7.0,-77.96804774935603,-10.667400417676467,78.50255963817365,0.6024748132892013,0.5345118888176188,-10.064925604387266
6,7.0,1.0,-169.0412350174369,1.1239156464020905,169.04123501743686,16.914228262303936,-2.842170943040401e-14,18.038143908706026
7,7.0,8.0,90.53867537943816,-1.72639044930597,-87.83118140544505,-13.750516084710462,2.7074939739931096,-15.476906534016432
8,8.0,3.0,-39.668818584569884,-37.24948391465149,39.93509075187498,22.941559524135407,0.26627216730509673,-14.307924390516085
