,Complex Voltages,Voltages Magnitude,Voltages Phase Angle
0,(1.0000000000000002+1.0577867642551307e-17j),1.0000000000000002,6.060671721661874e-16
1,(0.9833969464828726+0.18146747821072892j),0.9999999999999996,10.45524793535369
2,(0.9956465105773848+0.09320958091889972j),0.9999999999999997,5.348279077198878
3,(0.9847486942691451-0.04002232724821596j),0.9855616558811273,-2.327344148485448
4,(0.971107069060902-0.0656877687778825j),0.9733261645240368,-3.86971491311144
5,(1.0017365906788893+0.04189775157547879j),1.0026123970368834,2.3950068556855912
6,(0.9839968936620752+0.018744872625129385j),0.9841754198243043,1.091336983375544
7,(0.9921732503622339+0.07565246777667776j),0.9950532923492397,4.360323136680787
8,(0.952295520498844-0.06997621076512274j),0.9548630417160406,-4.202633043883382
