,Complex Voltages,Voltages Magnitude,Voltages Phase Angle
0,(1-3.5374495615691324e-17j),1.0,-2.0268093011831474e-15
1,(0.9851930703243338+0.17144857591975587j),1.0,9.872053003371747
2,(0.9963948324182176+0.08483712589587217j),1.0,4.866659040487344
3,(0.985038710651615-0.04234441629158567j),0.9859484322586406,-2.461490611176467
4,(0.9712815197421835-0.06973829450027648j),0.9737819161970984,-4.106805996425453
5,(1.0021292692990942+0.0343353516816644j),1.0027173025140437,1.9623231658912734
6,(0.9843031512725177+0.010847423476119838j),0.984362920980407,0.631397373931515
7,(0.9929977586209205+0.06733253979685114j),0.995277960944412,3.879136645029389
8,(0.9526119542601802-0.07415719716995414j),0.9554940215885723,-4.451280153674853
