,From Bus,To Bus,From-To P injection (MW),From-To Q injection (MVAR),To-From P injection (MW),To-From Q injection (MVAR),P flow through branch and elements (MW),Q flow through branch and elements (MVAR)
0,0.0,3.0,73.5146116247789,25.97446067804796,-73.5146116247789,-22.472915937650022,0.0,3.5015447403979394
1,3.0,4.0,31.3809904761225,-0.009306543933140614,-31.19848570396239,-14.17375026931485,0.18250477216010808,-14.18305681324799
2,4.0,5.0,-60.60151429603643,-16.426249730684674,62.112093803150195,-11.960281372902012,1.5105795071137678,-28.386531103586684
3,2.0,5.0,86.69999999999997,-2.439143168385269,-86.69999999999996,6.847527068151252,1.4210854715202004e-14,4.408383899765983
4,5.0,6.0,24.587906196849627,5.112754304750666,-24.487476739798442,-24.89466677394291,0.10042945705118456,-19.781912469192243
5,6.0,7.0,-77.51252326020017,-10.805333226057574,78.04070207171387,0.6806815340210742,0.5281788115136976,-10.1246516920365
6,7.0,1.0,-166.2599999999995,1.18342533783639,166.2599999999995,16.258274084798785,0.0,17.441699422635175
7,7.0,8.0,88.21929792828169,-1.864106871854631,-85.64809182849602,-14.323782224316417,2.5712060997856696,-16.187889096171048
8,8.0,3.0,-41.85190817149534,-36.6762177756793,42.13362114865113,22.482222481585318,0.2817129771557916,-14.19399529409398
