,Complex Voltages,Voltages Magnitude,Voltages Phase Angle
0,(1+0j),1.0,0.0
1,(0.9833969464828732+0.18146747821072906j),1.0000000000000002,10.45524793535369
2,(0.9956465105773852+0.09320958091889973j),1.0,5.348279077198876
3,(0.9847486942691456-0.04002232724821602j),0.9855616558811278,-2.327344148485451
4,(0.9711070690609017-0.06568776877788253j),0.9733261645240364,-3.869714913111443
5,(1.0017365906788889+0.0418977515754785j),1.002612397036883,2.3950068556855757
6,(0.9839968936620754+0.01874487262512944j),0.9841754198243046,1.091336983375547
7,(0.9921732503622339+0.07565246777667778j),0.9950532923492397,4.360323136680788
8,(0.9522955204988441-0.06997621076512273j),0.9548630417160408,-4.20263304388338
