,From Bus,To Bus,From-To P injection (MW),From-To Q injection (MVAR),To-From P injection (MW),To-From Q injection (MVAR),P flow through branch and elements (MW),Q flow through branch and elements (MVAR)
0,0.0,3.0,73.51461161733616,25.974460674279598,-73.51461161733614,-22.472915934624734,1.4210854715202004e-14,3.5015447396548645
1,3.0,4.0,31.380990474531256,-0.009306544181162182,-31.19848570238991,-14.173750269237026,0.1825047721413462,-14.183056813418188
2,4.0,5.0,-60.60151429301226,-16.426249731143017,62.112093799967504,-11.960281373263227,1.5105795069552457,-28.386531104406245
3,2.0,5.0,86.69999999759919,-2.4391431705769073,-86.69999999759919,6.847527070105206,0.0,4.408383899528298
4,5.0,6.0,24.58790619603008,5.1127543030585025,-24.487476738990047,-24.894666772432487,0.10042945704003259,-19.781912469373985
5,6.0,7.0,-77.51252326435944,-10.805333227205056,78.04070207592719,0.6806815355190697,0.5281788115677415,-10.124651691685987
6,7.0,1.0,-166.2599999869942,1.1834253432162294,166.2599999869942,16.25827407654844,0.0,17.441699419764667
7,7.0,8.0,88.21929792585111,-1.8641068712797206,-85.64809182622004,-14.32378222589895,2.5712060996310697,-16.187889097178672
8,8.0,3.0,-41.85190816651881,-36.67621777502365,42.1336211436225,22.48222248039509,0.2817129771036875,-14.19399529462856
