,Complex Voltages,Voltages Magnitude,Voltages Phase Angle
0,(0.9999999999999998+7.053436273346489e-17j),0.9999999999999998,4.041321295272375e-15
1,(0.9833969464828729+0.18146747821072903j),0.9999999999999999,10.455247935353691
2,(0.995646510577385+0.09320958091889973j),0.9999999999999998,5.348279077198878
3,(0.9847486942691452-0.04002232724821607j),0.9855616558811274,-2.3273441484854547
4,(0.9711070690609017-0.0656877687778826j),0.9733261645240364,-3.869714913111447
5,(1.0017365906788893+0.04189775157547869j),1.0026123970368834,2.395006855685586
6,(0.9839968936620754+0.018744872625129395j),0.9841754198243046,1.0913369833755444
7,(0.9921732503622336+0.0756524677766777j),0.9950532923492393,4.360323136680784
8,(0.9522955204988437-0.06997621076512273j),0.9548630417160403,-4.202633043883383
