,Complex Voltages,Voltages Magnitude,Voltages Phase Angle
0,(0.9999999999999999-1.0762052673879665e-17j),0.9999999999999999,-6.166201971107875e-16
1,(0.9851930703243338+0.17144857591975596j),1.0,9.872053003371752
2,(0.9963948324182178+0.08483712589587222j),1.0000000000000002,4.866659040487346
3,(0.9850387106516146-0.04234441629158537j),0.9859484322586403,-2.4614906111764507
4,(0.9712815197421834-0.06973829450027628j),0.9737819161970983,-4.106805996425442
5,(1.0021292692990944+0.03433535168166442j),1.002717302514044,1.9623231658912743
6,(0.9843031512725176+0.010847423476119876j),0.9843629209804069,0.6313973739315173
7,(0.992997758620921+0.06733253979685098j),0.9952779609444125,3.8791366450293787
8,(0.9526119542601804-0.07415719716995423j),0.9554940215885726,-4.451280153674857
