,Complex Voltages,Voltages Magnitude,Voltages Phase Angle
0,(1+1.2785615243012503e-17j),1.0,7.325617919027488e-16
1,(0.9851930703243338+0.171448575919756j),1.0,9.872053003371754
2,(0.9963948324182179+0.08483712589587226j),1.0000000000000002,4.866659040487349
3,(0.9850387106516149-0.04234441629158561j),0.9859484322586405,-2.461490611176464
4,(0.9712815197421838-0.0697382945002766j),0.9737819161970988,-4.106805996425459
5,(1.0021292692990944+0.03433535168166444j),1.002717302514044,1.9623231658912754
6,(0.9843031512725176+0.010847423476119934j),0.9843629209804069,0.6313973739315205
7,(0.992997758620921+0.06733253979685114j),0.9952779609444125,3.8791366450293876
8,(0.9526119542601803-0.07415719716995407j),0.9554940215885724,-4.4512801536748485
