,Complex Voltages,Voltages Magnitude,Voltages Phase Angle
0,(1+0j),1.0,0.0
1,(0.9851930703243336+0.17144857591975607j),0.9999999999999998,9.872053003371759
2,(0.9963948324182179+0.08483712589587233j),1.0000000000000002,4.866659040487352
3,(0.9850387106516149-0.042344416291585515j),0.9859484322586405,-2.4614906111764587
4,(0.9712815197421832-0.06973829450027633j),0.9737819161970982,-4.106805996425445
5,(1.002129269299094+0.034335351681664544j),1.0027173025140435,1.9623231658912823
6,(0.9843031512725178+0.010847423476119961j),0.9843629209804071,0.6313973739315221
7,(0.992997758620921+0.06733253979685112j),0.9952779609444125,3.8791366450293867
8,(0.9526119542601802-0.07415719716995398j),0.9554940215885723,-4.451280153674844
