,From Bus,To Bus,From-To P injection (MW),From-To Q injection (MVAR),To-From P injection (MW),To-From Q injection (MVAR),P flow through branch and elements (MW),Q flow through branch and elements (MVAR)
0,0.0,3.0,69.48320702815273,26.47796133828991,-69.48320702815273,-23.29325820485362,0.0,3.1847031334362903
1,3.0,4.0,29.54811627744386,0.35169867968155233,-29.38403824633462,-14.62144222262674,0.16407803110924135,-14.269743542945188
2,4.0,5.0,-62.41596174425563,-15.978557776593549,64.02011564973462,-11.980434879755242,1.604153905478988,-27.95899265634879
3,2.0,5.0,88.15033728864007,-2.1856875305757515,-88.15033728864007,6.741989418307995,0.0,4.556301887732243
4,5.0,6.0,24.130221622200608,5.238445464406902,-24.031952248210846,-25.032599612038712,0.09826937398976199,-19.79415414763181
5,6.0,7.0,-77.96804774935607,-10.667400417676463,78.50255963817374,0.6024748132892097,0.5345118888176614,-10.064925604387254
6,7.0,1.0,-169.04123501743672,1.123915646402804,169.04123501743672,16.91422826230319,0.0,18.038143908705994
7,7.0,8.0,90.53867537943809,-1.7263904493059727,-87.83118140544504,-13.750516084710378,2.707493973993053,-15.47690653401635
8,8.0,3.0,-39.66881858456985,-37.24948391465132,39.93509075187494,22.941559524135233,0.2662721673050896,-14.307924390516089
