,From Bus,To Bus,From-To P injection (MW),From-To Q injection (MVAR),To-From P injection (MW),To-From Q injection (MVAR),P flow through branch and elements (MW),Q flow through branch and elements (MVAR)
0,0.0,3.0,73.51461161733597,25.974460674279598,-73.51461161733596,-22.472915934624744,1.4210854715202004e-14,3.501544739654854
1,3.0,4.0,31.380990474531202,-0.009306544180455456,-31.19848570238987,-14.173750269237717,0.18250477214133198,-14.183056813418172
2,4.0,5.0,-60.60151429301218,-16.426249731143113,62.11209379996744,-11.960281373263127,1.5105795069552599,-28.386531104406238
3,2.0,5.0,86.69999999759908,-2.4391431705761994,-86.69999999759906,6.847527070104483,1.4210854715202004e-14,4.408383899528284
4,5.0,6.0,24.587906196030048,5.11275430305779,-24.48747673899004,-24.894666772431616,0.10042945704000772,-19.781912469373825
5,6.0,7.0,-77.5125232643594,-10.805333227204885,78.04070207592714,0.6806815355188872,0.5281788115677415,-10.124651691685997
6,7.0,1.0,-166.25999998699433,1.1834253432165764,166.25999998699433,16.258274076548123,0.0,17.4416994197647
7,7.0,8.0,88.21929792585107,-1.864106871279636,-85.64809182621998,-14.323782225899045,2.571206099631084,-16.18788909717868
8,8.0,3.0,-41.85190816651884,-36.67621777502382,42.13362114362253,22.48222248039527,0.2817129771036875,-14.193995294628554
