,From Bus,To Bus,From-To P injection (MW),From-To Q injection (MVAR),To-From P injection (MW),To-From Q injection (MVAR),P flow through branch and elements (MW),Q flow through branch and elements (MVAR)
0,0.0,3.0,73.51461161733616,25.974460674279598,-73.51461161733616,-22.472915934624734,0.0,3.5015447396548645
1,3.0,4.0,31.380990474531146,-0.009306544180808299,-31.198485702389878,-14.173750269237544,0.18250477214126803,-14.183056813418352
2,4.0,5.0,-60.60151429301216,-16.426249731143024,62.112093799967425,-11.96028137326314,1.510579506955267,-28.386531104406163
3,2.0,5.0,86.6999999975991,-2.4391431705769184,-86.6999999975991,6.847527070105208,0.0,4.40838389952829
4,5.0,6.0,24.587906196030083,5.112754303058323,-24.487476738990054,-24.894666772432135,0.10042945704002904,-19.78191246937381
5,6.0,7.0,-77.51252326435947,-10.805333227204349,78.04070207592724,0.6806815355180142,0.5281788115677699,-10.124651691686335
6,7.0,1.0,-166.25999998699385,1.1834253432155342,166.25999998699385,16.25827407654908,0.0,17.441699419764614
7,7.0,8.0,88.2192979258511,-1.864106871279892,-85.64809182622002,-14.323782225898773,2.5712060996310697,-16.187889097178665
8,8.0,3.0,-41.85190816651889,-36.676217775023815,42.133621143622584,22.48222248039526,0.2817129771036946,-14.193995294628554
