,From Bus,To Bus,From-To P injection (MW),From-To Q injection (MVAR),To-From P injection (MW),To-From Q injection (MVAR),P flow through branch and elements (MW),Q flow through branch and elements (MVAR)
0,0.0,3.0,69.48320702815266,26.477961338289546,-69.48320702815266,-23.293258204853277,0.0,3.184703133436269
1,3.0,4.0,29.548116277444148,0.3516986796815417,-29.38403824633489,-14.621442222626719,0.16407803110925911,-14.269743542945177
2,4.0,5.0,-62.41596174425565,-15.978557776593453,64.02011564973462,-11.980434879755425,1.6041539054789737,-27.958992656348876
3,2.0,5.0,88.15033728864037,-2.1856875305746524,-88.15033728864037,6.741989418306921,0.0,4.5563018877322685
4,5.0,6.0,24.130221622200338,5.238445464406351,-24.031952248210562,-25.032599612038204,0.0982693739897762,-19.794154147631854
5,6.0,7.0,-77.96804774935595,-10.667400417675598,78.50255963817354,0.6024748132883152,0.5345118888175904,-10.064925604387282
6,7.0,1.0,-169.04123501743683,1.123915646401899,169.0412350174368,16.91422826230412,-2.842170943040401e-14,18.03814390870602
7,7.0,8.0,90.53867537943813,-1.7263904493059645,-87.83118140544505,-13.750516084710462,2.7074939739930812,-15.476906534016427
8,8.0,3.0,-39.668818584569934,-37.249483914651485,39.93509075187503,22.941559524135585,0.26627216730509673,-14.3079243905159
