,Complex Voltages,Voltages Magnitude,Voltages Phase Angle
0,(1+0j),1.0,0.0
1,(0.9851930703234485+0.1714485759248429j),1.0,9.872053003667592
2,(0.9963948324181116+0.08483712589711817j),1.0,4.866659040558993
3,(0.9850387106494444-0.04234441629587268j),0.9859484322566561,-2.4614906114307833
4,(0.9712815197393252-0.06973829450598332j),0.9737819161946561,-4.106805996772416
5,(1.0021292692978907+0.03433535168140677j),1.002717302512832,1.962323165878916
6,(0.9843031512695372+0.01084742347515123j),0.9843629209774161,0.6313973738770514
7,(0.9929977586168868+0.06733253979308619j),0.9952779609401328,3.8791366448288565
8,(0.9526119542561173-0.07415719717831068j),0.9554940215851703,-4.451280154193347
