,From Bus,To Bus,From-To P injection (MW),From-To Q injection (MVAR),To-From P injection (MW),To-From Q injection (MVAR),P flow through branch and elements (MW),Q flow through branch and elements (MVAR)
0,0.0,3.0,69.48320702815292,26.477961338289546,-69.48320702815292,-23.293258204853263,0.0,3.184703133436283
1,3.0,4.0,29.54811627744397,0.3516986796818961,-29.384038246334697,-14.621442222626902,0.16407803110927333,-14.269743542945006
2,4.0,5.0,-62.41596174425553,-15.97855777659346,64.0201156497345,-11.98043487975525,1.6041539054789737,-27.958992656348713
3,2.0,5.0,88.1503372886403,-2.185687530574665,-88.1503372886403,6.741989418306926,0.0,4.556301887732261
4,5.0,6.0,24.13022162220022,5.238445464405809,-24.031952248210473,-25.032599612037508,0.09826937398974778,-19.794154147631698
5,6.0,7.0,-77.96804774935589,-10.66740041767525,78.50255963817347,0.6024748132879482,0.5345118888175762,-10.064925604387302
6,7.0,1.0,-169.0412350174367,1.1239156464021016,169.0412350174367,16.91422826230389,0.0,18.03814390870599
7,7.0,8.0,90.53867537943816,-1.7263904493059687,-87.83118140544508,-13.750516084710368,2.7074939739930812,-15.476906534016337
8,8.0,3.0,-39.66881858456991,-37.249483914651485,39.935090751875,22.941559524135403,0.2662721673050896,-14.307924390516082
